{"52":{"center_lng":-74.085396,"center_lat":40.7088465},"24":{"center_lng":-74.0452775,"center_lat":40.726574},"56":{"center_lng":-74.0915175,"center_lat":40.705998},"9.02":{"center_lng":-74.0624735,"center_lat":40.7413285},"43":{"center_lng":-74.071393,"center_lat":40.7167945},"14":{"center_lng":-74.0521285,"center_lat":40.7344765},"1":{"center_lng":-74.051853,"center_lat":40.756569},"4":{"center_lng":-74.0585605,"center_lat":40.7497575},"5":{"center_lng":-74.051083,"center_lat":40.750103},"7":{"center_lng":-74.047071,"center_lat":40.745939},"8":{"center_lng":-74.0440585,"center_lat":40.7441405},"11":{"center_lng":-74.054547,"center_lat":40.7407155},"12.02":{"center_lng":-74.0554435,"center_lat":40.7321935},"13":{"center_lng":-74.047038,"center_lat":40.7382325},"18":{"center_lng":-74.069906,"center_lat":40.7343715},"19":{"center_lng":-74.062467,"center_lat":40.7331025},"20":{"center_lng":-74.0653655,"center_lat":40.730989},"27":{"center_lng":-74.0826905,"center_lat":40.7314685},"48":{"center_lng":-74.09426,"center_lat":40.7189985},"63":{"center_lng":-74.0918995,"center_lat":40.6899605},"54":{"center_lng":-74.100867,"center_lat":40.7079165},"58.01":{"center_lng":-74.082866,"center_lat":40.6992995},"59":{"center_lng":-74.0955055,"center_lat":40.7027905},"60":{"center_lng":-74.0890735,"center_lat":40.698604},"62":{"center_lng":-74.094895,"center_lat":40.6961025},"55":{"center_lng":-74.0837135,"center_lat":40.704454},"61":{"center_lng":-74.100099,"center_lat":40.6939815},"17.01":{"center_lng":-74.0772935,"center_lat":40.736269},"76":{"center_lng":-74.031648,"center_lat":40.720415},"29":{"center_lng":-74.0695455,"center_lat":40.728334},"30":{"center_lng":-74.067403,"center_lat":40.72432},"41.01":{"center_lng":-74.0761505,"center_lat":40.7220635},"42":{"center_lng":-74.0793335,"center_lat":40.71792},"44":{"center_lng":-74.0766195,"center_lat":40.71438},"45":{"center_lng":-74.07222,"center_lat":40.71102},"53":{"center_lng":-74.075351,"center_lat":40.7042155},"40":{"center_lng":-74.088653,"center_lat":40.7258695},"41.02":{"center_lng":-74.071066,"center_lat":40.719746},"46":{"center_lng":-74.066861,"center_lat":40.7098605},"2":{"center_lng":-74.047725,"center_lat":40.753531},"3":{"center_lng":-74.0423415,"center_lat":40.751051},"6":{"center_lng":-74.0529225,"center_lat":40.745921},"22":{"center_lng":-74.050809,"center_lat":40.724842},"12.01":{"center_lng":-74.0560215,"center_lat":40.736765},"47":{"center_lng":-74.063392,"center_lat":40.708569},"49":{"center_lng":-74.0850785,"center_lat":40.7136865},"31":{"center_lng":-74.064074,"center_lat":40.721999},"35":{"center_lng":-74.04893,"center_lat":40.7198075},"28":{"center_lng":-74.0732895,"center_lat":40.7266375},"68":{"center_lng":-74.079444,"center_lat":40.7105825},"66":{"center_lng":-74.058198,"center_lat":40.725267},"74":{"center_lng":-74.0324505,"center_lat":40.713355},"77":{"center_lng":-74.0321875,"center_lat":40.729995},"70":{"center_lng":-74.043573,"center_lat":40.7225285},"78":{"center_lng":-74.0455035,"center_lat":40.7305965},"75":{"center_lng":-74.039231,"center_lat":40.715959},"9801":{"center_lng":-74.0466355,"center_lat":40.698139},"64":{"center_lng":-74.046447,"center_lat":40.718248},"65":{"center_lng":-74.0508855,"center_lat":40.721414},"67":{"center_lng":-74.061217,"center_lat":40.717993},"69":{"center_lng":-74.067565,"center_lat":40.753528},"71":{"center_lng":-74.0583745,"center_lat":40.728344},"72":{"center_lng":-74.0477325,"center_lat":40.728519},"73":{"center_lng":-74.0472755,"center_lat":40.713518},"23":{"center_lng":-74.047693,"center_lat":40.7239295},"10":{"center_lng":-74.059014,"center_lat":40.7446875},"58.02":{"center_lng":-74.067245,"center_lat":40.682014}}