{"0":{"park":"FERRIS TRIANGLE PARK","center_lng":-74.0921922521,"center_lat":40.6985140355},"1":{"park":"HAMILTON PARK","center_lng":-74.0450919698,"center_lat":40.7276553405},"2":{"park":"FITZGERALD-HOLOTA PARK","center_lng":-74.0423997587,"center_lat":40.7196981297},"3":{"park":"SIXTEENTH STREET PLAYGROUND","center_lng":-74.0422053184,"center_lat":40.7329043372},"4":{"park":"BRAMHALL AVENUE MINI PARK","center_lng":-74.0745868976,"center_lat":40.7154291479},"5":{"park":"METRO FIELD","center_lng":-74.0948339603,"center_lat":40.7103652926},"6":{"park":"LIBERTY STATE PARK","center_lng":-74.0506031342,"center_lat":40.7006078302},"7":{"park":"PAVONIA\/MARION PLAYGROUND POOL","center_lng":-74.0705651942,"center_lat":40.7348741811},"8":{"park":"SKINNER MEMORIAL PARK","center_lng":-74.0761425381,"center_lat":40.7043285231},"9":{"park":"ARLINGTON PARK","center_lng":-74.0708436155,"center_lat":40.7142987964},"10":{"park":"MONTICELLO AVENUE MINI PARK","center_lng":-74.0733454077,"center_lat":40.7157694533},"11":{"park":"BOYD-McGUINESS PARK","center_lng":-74.0738175852,"center_lat":40.7251727133},"12":{"park":"McGINLEY SQUARE","center_lng":-74.0677220215,"center_lat":40.7252888081},"13":{"park":"CUENO PLACE PARK","center_lng":-74.0472699849,"center_lat":40.7380401809},"14":{"park":"RIVERVIEW PARK","center_lng":-74.0427901384,"center_lat":40.7440513049},"15":{"park":null,"center_lng":-74.0295823637,"center_lat":40.7191866793},"16":{"park":"ROBERTO CLEMENTE LL","center_lng":-74.0414890264,"center_lat":40.7255626389},"17":{"park":"Berry Lane","center_lng":-74.0681499203,"center_lat":40.7122898782},"18":{"park":"Newport Green?","center_lng":-74.032493181,"center_lat":40.7317330688},"19":{"park":"PAVONIA\/MARION PLAYGROUND POOL","center_lng":-74.0711013114,"center_lat":40.7339187744},"20":{"park":"FAIRMOUNT TRIANGLE","center_lng":-74.0670951199,"center_lat":40.7203114325},"21":{"park":null,"center_lng":-74.0319488907,"center_lat":40.7203013344},"22":{"park":"LINCOLN PARK","center_lng":-74.0910719034,"center_lat":40.7295053097},"23":{"park":"CORNELIUS PARKER PARK","center_lng":-74.0723046665,"center_lat":40.7150469892},"24":{"park":"MUHAMMAD ALI PARK","center_lng":-74.0856177584,"center_lat":40.7011488258},"25":{"park":"VIRGINIA AVENUE PARK","center_lng":-74.0784341806,"center_lat":40.7131115233},"26":{"park":"PAT DeANGELO PLAYGROUND","center_lng":-74.0494588337,"center_lat":40.7264375702},"27":{"park":null,"center_lng":-74.0302395706,"center_lat":40.7169023743},"28":{"park":"LINCOLN PARK","center_lng":-74.0837563753,"center_lat":40.7261053334},"29":{"park":"LT. R.B. GROVER MEMORIAL PARK","center_lng":-74.0851460503,"center_lat":40.7110851788},"30":{"park":"BAYSIDE PARK","center_lng":-74.0809479816,"center_lat":40.6981558525},"31":{"park":"LEONARD GORDON PARK","center_lng":-74.0581587106,"center_lat":40.7463472118},"32":{"park":"VAN VORST PARK","center_lng":-74.0471579302,"center_lat":40.71805851},"33":{"park":"VETERNS PARK","center_lng":-74.0333120401,"center_lat":40.7119364731},"34":{"park":"RALPH TAYLOR MEMORIAL PARK","center_lng":-74.0903562014,"center_lat":40.6971061482},"35":{"park":null,"center_lng":-74.0455954228,"center_lat":40.6898129241},"36":{"park":"LAFAYETTE PARK","center_lng":-74.0621686143,"center_lat":40.7145068445},"37":{"park":"PERSHING FIELD","center_lng":-74.0535100605,"center_lat":40.7422113346},"38":{"park":"PAULUS HOOK PARK","center_lng":-74.037351681,"center_lat":40.7155106119},"39":{"park":"GATEWAY PARK COMPLEX","center_lng":-74.0569866952,"center_lat":40.718767959},"40":{"park":"STEVENS PARK","center_lng":-74.0887507457,"center_lat":40.7022721774},"41":{"park":"EXCHANGE PLACE","center_lng":-74.0310634091,"center_lat":40.7161804479},"42":{"park":"LIBERTY STATE PARK","center_lng":-74.0644227171,"center_lat":40.6995940683},"43":{"park":"LIBERTY STATE PARK","center_lng":-74.035023749,"center_lat":40.7115575413},"44":{"park":"CITY HALL PARK","center_lng":-74.0436534414,"center_lat":40.7177963006},"45":{"park":null,"center_lng":-74.0357117238,"center_lat":40.712429539},"46":{"park":null,"center_lng":-74.0422735478,"center_lat":40.7150318551},"47":{"park":"CLAREMONT AVENUE PLAYGROUND","center_lng":-74.075700254,"center_lat":40.7071985388},"48":{"park":"AUDUBON PARK","center_lng":-74.0871412291,"center_lat":40.7071920482},"49":{"park":"OAK STREET PARK","center_lng":-74.0742729647,"center_lat":40.7121458201},"50":{"park":"TOWN SQUARE","center_lng":-74.032530423,"center_lat":40.7265555154},"51":{"park":"THOMAS McGOVERN PARK","center_lng":-74.102551659,"center_lat":40.696277727},"52":{"park":"ENOS JONES PARK \/ ROBERTO CLEMENTE","center_lng":-74.0513327405,"center_lat":40.7282057798},"53":{"park":"TUMULTY PARK","center_lng":-74.0468320801,"center_lat":40.7378631564},"54":{"park":"HACKENSACK RIVER GREENWAY","center_lng":-74.0964730224,"center_lat":40.7234092191},"55":{"park":"MUHAMMAD ALI PARK","center_lng":-74.0850244741,"center_lat":40.7009409829},"56":{"park":"TERRY DEHERE \/ GARFILED AVENUE PARK","center_lng":-74.0682952693,"center_lat":40.7134806062},"57":{"park":"APPLE TREE HOUSE","center_lng":-74.0663216026,"center_lat":40.7301033356},"58":{"park":"TERRANCE AVENUE PARK","center_lng":-74.056655499,"center_lat":40.7528926078},"59":{"park":"EGE AVENUE PLAYGROUND","center_lng":-74.0862671009,"center_lat":40.7157144474},"60":{"park":"COLUMBIA PARK GREENVILLE MEMORIAL","center_lng":-74.096275991,"center_lat":40.6956907248},"61":{"park":"MARY BENSON PARK","center_lng":-74.0526688102,"center_lat":40.7251966183},"62":{"park":"PAULUS HOOK PARK","center_lng":-74.0379709821,"center_lat":40.7155803293},"63":{"park":"WAYNE STREET PLAYGROUND","center_lng":-74.0460616394,"center_lat":40.7198981777},"64":{"park":"WILKINSON AVENUE PARK","center_lng":-74.0810644453,"center_lat":40.7070042283},"65":{"park":"MARTINIAK-ENRIGHT PARK","center_lng":-74.0978794073,"center_lat":40.6907738153},"66":{"park":"WOODLAND AVENUE PARK","center_lng":-74.0957750647,"center_lat":40.6998958709},"67":{"park":"FAIRMOUNT TRIANGLE","center_lng":-74.0670075421,"center_lat":40.7201232179},"68":{"park":"AUTHUR ASHE BASKETBALL","center_lng":-74.0726193443,"center_lat":40.7116276783},"69":{"park":"FULTON PARK","center_lng":-74.0871370785,"center_lat":40.7044984861},"70":{"park":"HARMON STREET POOL","center_lng":-74.0700392805,"center_lat":40.7160569468},"71":{"park":"LaPOINTE PARK","center_lng":-74.071141162,"center_lat":40.7296119946},"72":{"park":"LINCOLN PARK","center_lng":-74.0772815844,"center_lat":40.7230253808},"73":{"park":"TERRACE AVENUE \/  EDWARD CRINCOLI","center_lng":-74.0565365966,"center_lat":40.7524754221},"74":{"park":"WASHINTON PARK","center_lng":-74.0431266518,"center_lat":40.753058576},"75":{"park":null,"center_lng":-74.0407016145,"center_lat":40.6986676366},"76":{"park":"DR. LENA EDWARDS PARK","center_lng":-74.058414952,"center_lat":40.7129040501},"77":{"park":"LAUREL COURT","center_lng":-74.0422634872,"center_lat":40.722207277},"78":{"park":"FIRST STREET PLAYGROUND","center_lng":-74.0516380187,"center_lat":40.7228215365},"79":{"park":"MELUSO PARK","center_lng":-74.0501333541,"center_lat":40.7168818063},"80":{"park":"SGT. ANTHONY PARK","center_lng":-74.0514590124,"center_lat":40.7322306735},"81":{"park":"POPE TRIANGLE","center_lng":-74.0656056499,"center_lat":40.7220227995},"82":{"park":"BRETT TRIANGLE","center_lng":-74.0674078562,"center_lat":40.7337455741},"83":{"park":"AUTHUR ASHE BASKETBALL","center_lng":-74.0728447796,"center_lat":40.7113868399},"84":{"park":"FISK PARK","center_lng":-74.043395013,"center_lat":40.7445191696},"85":{"park":"PAULUS HOOK PARK","center_lng":-74.0374235983,"center_lat":40.7150182575}}